clase;precision;recall;f1;soporte
Analyze;0.5077;0.9706;0.6667;34
Better;1;0.6316;0.7742;38
Complaint;0.6531;0.9412;0.7711;34
Crowd;0.7179;0.875;0.7887;32
Cunning;0.8333;0.6579;0.7353;38
Decrease;0.7692;0.3125;0.4444;32
Disappear;0.5185;0.9032;0.6588;31
Envy;0.7568;0.8235;0.7887;34
Extra_large_cell_phone;0.7;0.4242;0.5283;33
Fail;0.7105;0.7941;0.75;34
Fine;1;0.4444;0.6154;36
Forget;1;0.6579;0.7937;38
Friday;0.6364;0.7179;0.6747;39
Green;0.9273;0.68;0.7846;75
Language;1;0.973;0.9863;37
Large_cell_phone;0.5588;0.5588;0.5588;34
Learn_everything;1;0.9706;0.9851;34
Learn_something;1;0.5143;0.6792;35
Live;0.623;1;0.7677;38
People;0.8889;0.9697;0.9275;33
Person;0.9231;0.75;0.8276;32
Poor;0.7701;0.9571;0.8535;70
Progress;0.4286;0.4545;0.4412;33
Punish;0.4808;0.6944;0.5682;36
See;0.6316;0.4;0.4898;30
Shout;0.5278;0.5588;0.5429;34
Small;0.8571;0.3;0.4444;40
Small_cell_phone;0.4839;0.4545;0.4688;33
Stagnate;0.5909;0.7647;0.6667;34
Tall;1;0.4167;0.5882;36
Tongue;0.6296;0.8947;0.7391;38
Very_poor;0.9048;0.5938;0.717;32
Very_short;0.661;0.9512;0.78;41
Very_tall;0.6809;0.8205;0.7442;39
